id,season_id,title,message,date,priority,created_by_id,created_at
3,eb19f900-c99f-486f-8930-6b56a74293d6,עדכון טורניר,"מרוקו ופנמה צברו 3 נקודות כל אחת, והתמקמו במקומות השני והשלישי בטבלה.
איטליה ירדה למקום הרביעי, ואחריה F.
C RIHANIYA לחמישי וגרמניה לשישי.
כף ורדה והפטישים הוסטו למקומות השביעי והשמיני בהתאמה.",2026-07-10 15:54:16.577+00,normal,,2026-07-10 15:54:16.58
1,eb19f900-c99f-486f-8930-6b56a74293d6,מונדיאל 2026,"ב־10/07 יוצאים לדרך! ⚽🏆

הקבוצות הרציניות כבר נרשמו והבטיחו את המקום שלהן ואנחנו עדיין מחכים לשאר הקבוצות שביקשו להירשם.. התחשבנו בכם, עכשיו זה הזמן לסגור הרשמה.

השופטים מוכנים, המגרש מוכן, הכדורים מנופחים, הקהל כבר מחכה, והאווירה הולכת להיות מטורפת! 🔥

כל מה שנשאר זה להגיע ביום שישי 10/07 עם תותחים כבדים, אש בעיניים והרבה רעב לניצחון. כל משחק הוא מלחמה, כל שער הוא חגיגה ורק קבוצה אחת תרים את הגביע! 

מי שבא בא לקחת את הגביע. מי שלא נתראה על היציע😉",2026-06-25 00:00:00+00,normal,a558ca06-1402-4cee-9a43-7b81e7bc7972,2026-06-25 10:30:34.168
